date,txVolume(USD),adjustedTxVolume(USD),txCount,marketcap(USD),price(USD),exchangeVolume(USD),generatedCoins,fees,activeAddresses,averageDifficulty,paymentCount,medianTxValue(USD),medianFee,blockSize,blockCount
2017-07-31,,,,0.0,346.36,1075960.0,,,,,,,,,
2017-08-01,,,,4855615612.79,294.6,65988800.0,,,,,,,,,
2017-08-02,,,,6302412307.06,382.38,416207008.0,,,,,,,,,
2017-08-03,421398544.18,331906322.71,20909,7392235056.31,448.49,161518000.0,437.5,20.23473119,74547,2.95657053175e+11,12444,644.959722782,0.00033919,16479358,35
2017-08-04,449196829.237,331263600.376,26517,5969656149.71,362.18,185038000.0,237.5,21.32449804,89602,2.25505642692e+11,16108,676.81952884,0.00025842,21743417,19
2017-08-05,232012894.523,174792481.253,15194,3809332514.43,231.11,144043008.0,162.5,11.22425776,54665,2.25505642692e+11,9989,458.248975536,0.00025225,12025454,13
2017-08-06,191645705.459,130809246.441,11791,3497474586.91,212.18,107606000.0,812.5,9.15282496,41841,1.51123557512e+11,7905,381.697737613,0.00023615,8983068,65
2017-08-07,282879190.79,150346417.535,16114,3688627309.69,223.76,346545984.0,975.0,8.6803523,57375,1.44323701657e+11,12207,538.023965539,0.00019493,11194094,78
2017-08-08,312630132.366,142413578.694,12855,5297452201.45,321.35,274880000.0,287.5,8.44009814,38121,1.33028839463e+11,9440,643.875630054,0.00021661,10794377,23
2017-08-09,191201527.031,124659820.276,10798,5692395447.26,345.28,165032000.0,1187.5,5.51291228,31772,1.15459053828e+11,7460,860.455617882,0.00019493,6894409,95
2017-08-10,135527819.536,88893023.9619,9949,5032212212.17,305.21,136636992.0,1250.0,5.30796253,31655,1.15459053828e+11,7609,623.570448978,0.00021382,7010906,100
2017-08-11,190050948.035,87362030.0575,10507,4548837163.09,275.88,233971008.0,837.5,4.78128428,30846,1.15459053828e+11,8549,789.495501458,0.000187,6132245,67
2017-08-12,246686489.678,84793179.3707,7543,5405527079.59,327.82,126007000.0,900.0,4.60345208,24982,1.15459053828e+11,5010,620.380651147,0.00021728,8563011,72
2017-08-13,89347465.4117,56704210.9146,7814,5215745763.5,316.29,120722000.0,975.0,4.83887706,23401,1.15459053828e+11,5244,548.403667438,0.00021681,8666790,78
2017-08-14,142280000.493,102598103.909,9833,4883059628.31,296.1,174968000.0,1137.5,5.78545113,32359,1.15459053828e+11,8689,554.8993947,0.000187,12249457,91
2017-08-15,145177003.756,127273252.44,7696,4917881691.88,298.18,133924000.0,1400.0,4.87569032,26281,1.15459053828e+11,5920,518.55753259,0.000187,8196260,112
2017-08-16,100361819.853,83440394.4953,135552,4914665035.0,297.97,106436000.0,1050.0,4.35333251,186217,1.15459053828e+11,38301,0.0122882828,7.5e-06,30708572,84
2017-08-17,271072509.438,156567061.372,10813,4965215780.33,301.02,744604992.0,812.5,8.46124586,32859,1.15459053828e+11,9243,722.448,0.000134,6632735,65
2017-08-18,697648681.374,307666228.143,22796,7565968051.5,458.67,3087490048.0,812.5,8.81946855,61270,1.15459053828e+11,19914,1374.55045702,0.000113,12230381,65
2017-08-19,852794710.489,468073695.967,27728,11499090679.1,697.04,3196229888.0,1637.5,11.99113257,76080,1.15459053828e+11,23583,1749.53889379,0.000134,15789341,131
2017-08-20,476761705.315,301625224.614,19530,12747049866.9,772.42,1494019968.0,5800.0,8.876545,52368,72294285468.2,16626,2314.4599466,0.0001567,13646833,464
2017-08-21,329480156.304,198230884.395,16436,11949942329.2,723.7,1123399936.0,9550.0,7.12165057,45427,68222137509.7,15262,1689.93240137,0.000134,14376178,764
2017-08-22,474187796.755,255448934.977,15033,9850964668.97,596.19,1393260032.0,10687.5,6.34074654,41639,74685287379.0,15785,1801.6143093,0.0001125,12271777,855
2017-08-23,345180631.414,207463284.563,9684,11417008464.0,690.96,501983008.0,275.0,4.19772886,32761,2.72888550039e+11,10902,1436.02659705,9.6e-05,6471527,22
2017-08-24,749058824.827,276434158.75,13311,11075904905.7,670.03,407176992.0,7112.5,7.21468871,55709,91536833682.3,14160,2976.25849924,0.00011226,17391062,569
2017-08-25,375702750.124,152994259.049,10916,10371026230.3,627.06,348632000.0,8600.0,5.53354222,29945,89420641867.3,13041,1886.78937777,7.84e-05,6820313,688
2017-08-26,266954819.695,129003445.847,8233,10621494192.2,641.88,193414000.0,8450.0,3.66496469,38672,89420641867.3,9915,824.754307896,9.6e-05,15280977,676
2017-08-27,277326784.034,180754465.076,6328,10357223585.0,625.89,402718016.0,537.5,2.93697368,21483,1.317012917e+11,7930,1171.67521174,9.6e-05,3846288,43
2017-08-28,218513373.713,175963866.405,10161,10256146061.2,619.7,216272992.0,2175.0,4.39485369,30950,1.25189898707e+11,10250,1079.64734489,9.726e-05,7451820,174
2017-08-29,587682370.539,318990634.112,12858,9867112579.42,596.13,370016992.0,1775.0,5.11311822,38786,1.19369386419e+11,11959,1584.23478961,0.0001,7802240,142
2017-08-30,764677649.403,534175063.862,15867,9092915200.9,549.32,443856000.0,1075.0,3.97986965,97424,1.19369386419e+11,9002,559.238620798,0.000113,66936991,86
2017-08-31,199346319.293,165496090.594,13568,9539399202.53,576.25,298144000.0,1075.0,4.39237606,70395,1.19369386419e+11,7305,296.57513,0.00014894,75923072,86
2017-09-01,221919863.356,161795056.518,10362,9741313145.72,588.4,393839008.0,1450.0,3.7594561,33396,1.19369386419e+11,7979,675.760289328,9.6e-05,27172842,116
2017-09-02,211185556.22,154351537.362,7858,10298021845.2,621.96,350478016.0,1675.0,2.77770443,21607,1.19369386419e+11,6151,1127.82818681,9.6e-05,4239513,134
2017-09-03,220267404.698,141677677.781,7515,9575598536.75,578.27,344862016.0,1637.5,2.50160359,25534,1.19369386419e+11,5865,1288.04091108,9.6e-05,6114668,131
2017-09-04,382734875.99,304610602.379,7599,10073186170.3,608.26,328956992.0,1612.5,4.31505577,21795,1.19369386419e+11,6858,1433.21174911,9.6e-05,4683681,129
2017-09-05,306061291.325,207401721.886,7328,8527801718.34,514.9,338977984.0,1400.0,2.36431426,23292,1.19369386419e+11,6799,947.3979785,5.978e-05,8652978,112
2017-09-06,383299421.409,231832494.916,8578,8965564672.3,541.28,693240000.0,1750.0,2.3711804,25853,1.19369386419e+11,8300,1637.317872,9.6e-05,6711565,140
2017-09-07,252139480.187,147012451.842,8677,10550305074.0,636.85,1082380032.0,2587.5,2.36196092,22843,1.19369386419e+11,8138,1400.37868022,7.04e-05,5515438,207
2017-09-08,250535731.484,165910952.885,7552,10841973953.5,654.37,809763008.0,2350.0,1.71427559,20130,1.19369386419e+11,8331,1238.37794309,5e-05,4227766,188
2017-09-09,492042510.339,172024192.884,6257,9689359254.25,584.73,234578000.0,1975.0,1.52744926,18439,1.19369386419e+11,6064,639.386297718,4.693e-05,4107429,158
2017-09-10,198475741.352,98303155.7035,5430,9056343980.33,546.47,289508000.0,1937.5,1.16558703,13683,1.19369386419e+11,224818,1004.49439336,5.22e-05,10032758,155
2017-09-11,416200658.812,88407560.1028,7256,8903742948.25,537.19,274712000.0,2175.0,1.20747464,18271,1.1237615882e+11,7840,618.422281718,2.588e-05,4146681,174
2017-09-12,269401047.311,131788566.562,5993,8935490924.68,539.03,273824992.0,2412.5,1.31772647,14463,1.09634813602e+11,7328,638.643159053,2.6e-05,3265514,193
2017-09-13,143860362.774,107692046.964,6356,8446565741.16,509.47,340344000.0,2150.0,1.31399,16557,1.09634813602e+11,6994,619.460267979,3.42e-05,4290986,172
2017-09-14,259256679.356,148776843.362,7296,8360809736.97,504.22,257431008.0,2325.0,2.22638457,18483,1.09634813602e+11,7806,1007.6954032,7.48e-05,4331944,186
2017-09-15,272207180.207,128401700.693,8634,6127535001.07,369.49,707230976.0,2125.0,2.0176211,81860,1.09634813602e+11,9734,927.007393974,7.48e-05,37112444,170
2017-09-16,224614369.49,106308037.236,7809,7040532697.65,424.49,313583008.0,2137.5,1.84246263,17394,1.09634813602e+11,6959,424.482711507,9.143e-05,3455254,171
2017-09-17,143742760.424,83675042.3455,5027,7280591937.99,438.9,221828000.0,2212.5,0.73514599,13562,1.09634813602e+11,4977,667.939846497,3.74e-05,2791293,177
2017-09-18,407160157.032,104182418.901,8675,7003505594.91,422.09,458550016.0,4462.5,1.34094764,21334,1.09634813602e+11,7798,412.838428777,9.6e-05,4336847,357
2017-09-19,672096690.676,137620853.299,9520,7976565806.79,480.64,802321024.0,3325.0,1.42698773,24951,1.09634813602e+11,9788,569.52805239,7.355e-05,6137802,266
2017-09-20,265072608.346,181390942.211,8099,8743375626.47,526.74,669264000.0,3100.0,1.38372935,20914,1.20996082127e+11,8853,756.905190056,7.48e-05,4745883,248
2017-09-21,232165064.743,143158259.956,5859,7898574349.65,475.83,316731008.0,425.0,1.15108873,16232,1.67136744099e+11,8104,953.008740135,4.52e-05,3593046,34
2017-09-22,492013126.211,116026158.199,6746,6939423689.12,417.92,241904992.0,5125.0,1.28153827,17598,1.07766775886e+11,7441,839.953473722,4.08e-05,3926908,410
2017-09-23,174872783.008,88907224.0727,5601,6897911317.74,415.31,189127008.0,4400.0,0.88750027,14097,1.06967784187e+11,7361,419.506695091,2.6e-05,3055430,352
2017-09-24,144405627.764,83389940.0939,6580,7123327440.38,428.8,114527000.0,3300.0,1.0734338,16448,1.06967784187e+11,8961,67.419340672,3.74e-05,4383946,264
2017-09-25,258668290.61,174617572.45,8976,6972789092.27,419.65,302272000.0,3525.0,1.36306084,37335,1.06967784187e+11,31118,66.2554960375,5e-05,5344856,282
2017-09-26,195894444.118,132788769.917,6464,7401744024.87,445.36,165303008.0,3912.5,1.09161226,16249,1.06967784187e+11,8327,306.441518453,3.74e-05,4501039,313
2017-09-27,411904527.258,225571548.653,8802,7345110074.14,441.86,197884992.0,3450.0,1.13267958,20965,1.06967784187e+11,10848,408.315831356,2.6e-05,5202814,276
2017-09-28,367149569.199,209333036.8,7926,7592302057.42,456.71,300420992.0,912.5,1.27726594,19608,1.52495837056e+11,9035,1029.67221022,5e-05,4332069,73
2017-09-29,241319417.217,162123213.955,5755,7442080161.59,447.66,148724992.0,162.5,1.25288,15601,1.9679340201e+11,7676,874.187260661,3.4e-05,3191937,13
2017-09-30,272081162.482,133342793.369,8445,7261921933.63,436.64,150564992.0,7350.0,1.64584862,23008,65512203013.4,10475,802.311390026,5e-05,5621314,588
2017-10-01,402643133.464,243078175.474,7883,7213065203.07,433.38,164290000.0,12125.0,1.25746342,20179,64485451161.8,9568,1205.67113419,4.683e-05,5024852,970
2017-10-02,277207012.118,186569605.278,7252,6923816255.17,415.87,219590000.0,5462.5,1.2556313,19559,74313850887.7,9643,1297.46986864,4.52e-05,4592161,437
2017-10-03,214495479.743,154503591.71,4542,7022466668.05,421.79,130247000.0,175.0,1.02391342,14637,2.12589267721e+11,6640,1033.13008085,3.74e-05,3421173,14
2017-10-04,454779770.474,222371061.916,9481,6733855011.47,404.2,251584000.0,10600.0,1.89150925,27618,56814857740.4,11456,1360.10102374,4.52e-05,6222380,848
2017-10-05,466814030.826,165512200.819,8625,5976308521.13,358.42,268340992.0,14112.5,2.39906599,21231,56319734962.6,12227,1274.7495398,5e-05,5716268,1129
2017-10-06,352386617.474,152955055.307,6088,5926669511.53,355.43,182031008.0,425.0,1.16513427,22466,1.846200733e+11,9072,843.208028538,3.84e-05,4320838,34
2017-10-07,210679027.379,95644222.9888,5044,6063509023.2,363.6,91004000.0,1762.5,1.19532024,12825,91080818283.7,6134,727.197185736,5e-05,2961396,141
2017-10-08,358160526.609,127751894.27,6828,6005454077.78,360.09,203754000.0,1337.5,1.58498505,18005,91080818283.7,7606,1040.40458014,5e-05,4691644,107
2017-10-09,472701633.975,182430245.48,9074,5716809409.4,342.76,288075008.0,1137.5,1.84858972,22439,91080818283.7,9522,1248.10989721,5e-05,5027713,91
2017-10-10,281140901.934,111968881.492,8335,5224540922.0,313.22,367808992.0,1400.0,2.04591345,21649,91080818283.7,10379,1018.88844147,5e-05,5132341,112
2017-10-11,209426218.816,105241410.078,7284,5341300421.97,320.2,131577000.0,1250.0,1.92143734,22137,91080818283.7,8373,498.245942008,4.52e-05,5474775,100
2017-10-12,386157899.205,164259382.907,12256,5264692653.25,315.47,262066000.0,6950.0,3.01332509,45290,47740821066.3,12351,490.021718279,3.74e-05,14240806,556
2017-10-13,270788089.09,131549409.361,14947,5246293831.87,314.15,288209984.0,11612.5,4.41591041,84118,49014297675.8,14618,465.971372164,6.262e-05,40712154,929
2017-10-14,168206417.822,125770600.418,12997,5370034315.82,321.54,164136992.0,1175.0,7.54337325,175291,84768257679.7,11090,221.766961142,0.0002,123516948,94
2017-10-15,111619757.184,91951084.4229,8288,5384882608.99,322.42,133385000.0,525.0,2.91138846,39054,84768257679.7,7760,398.630499229,5.086e-05,15077093,42
2017-10-16,213632281.542,142184444.585,9968,5265621404.06,315.26,117797000.0,700.0,2.41668296,30123,84768257679.7,14708,168.767338192,1.93e-05,8394981,56
2017-10-17,358149760.636,236765255.285,13193,5239651085.53,313.7,1008160000.0,387.5,2.74179545,36028,84768257679.7,13812,689.6638034,5e-05,8540360,31
2017-10-18,400602720.69,178080429.245,10049,6241333956.55,373.65,477184000.0,1187.5,2.5634634,24757,84768257679.7,9957,1466.4439779,5e-05,6197153,95
2017-10-19,176048863.291,123524528.714,9348,5667547082.64,339.27,195578000.0,1437.5,1.77423759,19841,84768257679.7,9407,710.772502414,4.52e-05,6179519,115
2017-10-20,242031178.695,138788502.685,18183,5528351789.4,330.9,160204000.0,1500.0,2.11907119,31812,84768257679.7,9531,19.74232125,1e-05,15115831,120
2017-10-21,160126990.222,110750283.55,9069,5459227630.55,326.75,129938000.0,937.5,1.66897923,23549,84768257679.7,7957,284.990327272,5.595e-05,7114191,75
2017-10-22,168067979.271,114206260.261,7376,5405017781.01,323.5,355545984.0,175.0,1.3989601,19428,84768257679.7,6512,323.29296,3.74e-05,6012402,14
2017-10-23,177373642.247,139792448.063,9250,5525168428.9,330.67,191558000.0,1350.0,2.01424906,30712,68756490742.7,10721,366.888050324,3.616e-05,9703716,108
2017-10-24,182884542.924,131797773.54,8717,5279083875.48,315.9,267442000.0,1975.0,1.86735472,25254,67814622099.4,9323,489.5391735,4.52e-05,8304559,158
2017-10-25,176569996.512,131872720.72,10485,5458449822.97,326.59,151935008.0,2150.0,1.98621041,28136,67814622099.4,11578,424.647566487,3.322e-05,7935003,172
2017-10-26,200054806.59,102523721.582,9350,5552425758.88,332.11,234967008.0,4987.5,1.89708771,24523,67814622099.4,10485,1485.27859878,6.78e-05,7475632,399
2017-10-27,228274932.225,118857314.358,11743,5660765442.73,338.3,501988992.0,14600.0,2.39550734,26735,68525102430.2,15121,835.195520386,5e-05,8341717,1168
2017-10-28,444533888.014,149371394.326,11800,6189209164.53,369.54,781036992.0,15675.0,2.23479462,25483,69019035780.6,14847,842.063078309,5e-05,7670149,1254
2017-10-29,734763170.644,406129712.545,12962,7042866510.03,420.47,2002439936.0,1162.5,2.45184144,32058,1.1354750283e+11,14953,1267.18917094,4.52e-05,7191547,93
2017-10-30,557083695.432,304402148.239,14855,7679329939.2,458.45,796409024.0,912.5,3.254575,33366,1.18823623365e+11,16355,483.428854553,5e-05,9358271,73
2017-10-31,350844083.751,209361551.753,11353,7527768482.26,449.37,343799008.0,962.5,2.18451816,25877,1.13081236211e+11,12379,452.285049709,5e-05,6659255,77
2017-11-01,481282840.975,294982787.52,13645,7342686275.37,438.3,1152230016.0,1000.0,3.06784607,31770,1.13081236211e+11,13561,524.09932884,5e-05,8710840,80
2017-11-02,716976267.512,411084054.562,17751,8840635718.07,527.68,1632060032.0,1012.5,3.93366783,40019,1.13081236211e+11,19203,806.887941248,4.52e-05,10088240,81
2017-11-03,904055211.63,409338961.653,22425,9842466958.51,587.32,1682210048.0,4437.5,4.2538031,47349,1.13081236211e+11,23401,851.54236458,4.52e-05,11338356,355
2017-11-04,444636301.779,277639274.165,15077,10649595284.6,635.35,1161369984.0,3750.0,2.82618354,35483,1.13081236211e+11,16604,570.618674071,5e-05,8868192,300
2017-11-05,445587880.495,290401823.2,16958,10392312679.1,619.91,816028032.0,2275.0,3.10678128,42976,1.13081236211e+11,18213,218.491656065,5.595e-05,10989051,182
2017-11-06,660073227.448,326875681.69,19297,10568341181.9,630.31,794105024.0,2787.5,2.92330696,44637,1.13081236211e+11,20134,163.93696232,5.595e-05,11065745,223
2017-11-07,430157260.728,223665320.138,17192,10106712266.9,602.68,375367008.0,2775.0,3.4162994,48809,1.13081236211e+11,18423,357.762973922,5e-05,15121304,222
2017-11-08,809770986.099,294072106.533,23218,10319014629.2,615.24,837646016.0,2725.0,4.12320792,51074,1.13081236211e+11,24207,345.85655076,5.595e-05,13572224,218
2017-11-09,1119204305.63,497520542.121,24815,10438823601.0,622.31,710387008.0,1762.5,4.45365019,53376,1.13081236211e+11,27094,777.837933008,5.595e-05,14131853,141
2017-11-10,3918496806.43,908839473.919,46855,10936786927.8,651.78,5195420160.0,5675.0,8.12904659,103366,1.28916098622e+11,48969,1955.20742795,2.46e-05,27511443,454
2017-11-11,6367287092.66,1176090214.01,46787,16816709247.2,1001.64,5139769856.0,9300.0,8.19722994,100078,1.3061544971e+11,56635,1547.49989449,1.92e-05,26081561,744
2017-11-12,7084298360.87,1992979490.58,76458,22629197023.2,1346.97,8371319808.0,10862.5,14.59882916,167099,1.33771872119e+11,83021,1211.50299113,1.7e-05,42535097,869
2017-11-13,3144084338.05,1799498390.33,35112,23215716001.8,1381.82,4850570240.0,762.5,8.31108119,100173,3.26175674111e+11,43656,1293.02953917,4.499e-05,25790511,61
2017-11-14,1511550561.47,879563035.782,24406,22628481327.0,1346.73,1697910016.0,1700.0,8.0931007,65645,2.15195044733e+11,32059,1097.0583651,5.595e-05,13785734,136
2017-11-15,2027954508.3,827798190.605,24790,21338376523.5,1269.79,1321779968.0,2112.5,7.43158824,63557,1.84791755803e+11,34541,846.639301272,5.595e-05,14177110,169
2017-11-16,1404446770.85,747785096.453,28469,20203188600.4,1202.17,2034690048.0,1025.0,7.97368086,71603,1.74428949081e+11,31313,889.958444548,5.595e-05,16386073,82
2017-11-17,1956354699.73,561935769.783,22432,15280820345.0,909.16,3203429888.0,1950.0,9.22575883,81418,1.27481693173e+11,24192,1129.53060144,0.0001114,25752305,156
2017-11-18,1481381069.44,627321162.693,22013,20128424102.8,1197.43,3053769984.0,2075.0,6.2505701,47696,1.78636948619e+11,26072,1143.24972912,5e-05,11068778,166
2017-11-19,1827379786.71,598625043.585,14869,21198287544.2,1260.95,1285910016.0,1662.5,4.09528384,39875,1.62872436953e+11,17936,823.103282789,2.6e-05,11618811,133
2017-11-20,1107739824.95,553409221.484,15738,19712197488.3,1172.43,800052992.0,1762.5,3.60323072,39022,1.6722652295e+11,18013,654.966107611,2.26e-05,8874206,141
2017-11-21,1578497998.52,627800486.784,18071,20527461478.9,1220.78,772859008.0,1912.5,4.30914317,40440,1.67613711607e+11,21616,1102.56520714,3e-05,9816250,153
2017-11-22,1585164320.01,695925494.409,18927,19760822449.4,1175.06,1517619968.0,1862.5,9.38299135,43924,1.7354516291e+11,23449,1386.33858464,3e-05,10992207,149
2017-11-23,1721466234.47,1001950664.53,27057,21902076147.0,1302.23,4112090112.0,2012.5,3.40935395,65849,2.22746677749e+11,30010,1306.05183669,1.108e-05,15027424,161
2017-11-24,1700823938.3,993440642.592,24345,27785193723.5,1651.86,3128960000.0,1637.5,3.23172586,116711,2.5483975564e+11,49242,1651.85590339,1.13e-05,22603888,131
2017-11-25,1151531771.47,816853566.57,18565,27487781174.9,1634.0,1560039936.0,1837.5,2.72247894,43693,2.18451008301e+11,21302,1377.86778756,1.527e-05,9164649,147
2017-11-26,903143313.875,624151458.262,18929,26437301068.5,1571.39,1593049984.0,1762.5,2.33252906,44139,2.09029696682e+11,21475,1214.38494735,1.264e-05,9917449,141
2017-11-27,2333728478.57,1365486531.6,20146,28989460228.0,1722.93,1391459968.0,1525.0,2.52455452,47009,2.10124965792e+11,23675,1687.18643881,1.499e-05,10340385,122
2017-11-28,2603728692.79,1162938380.46,23380,27280217910.6,1621.17,1274880000.0,1812.5,2.63699524,51960,1.88897456984e+11,26313,1594.18332329,1.424e-05,12533917,145
2017-11-29,2394679475.64,1133003567.66,28233,25944476678.1,1541.63,2345250048.0,1774.85590507,3.3087131,61369,1.75995555042e+11,31350,1550.22097984,1.313e-05,14015676,142
2017-11-30,1747844354.96,936646196.885,21815,23232735633.5,1380.36,1211730048.0,1675.0,2.35942722,47112,1.64412336964e+11,25237,1408.02615518,1.13e-05,11285980,134
2017-12-01,1116584156.93,681805077.977,19169,23259714095.8,1381.81,965150976.0,1850.0,2.18879575,41612,1.65220402263e+11,22115,1394.14160407,1.264e-05,9741511,148
2017-12-02,1041353396.85,582392580.049,17581,24613030794.5,1462.06,574510016.0,1712.5,1.95560365,38808,1.54772319842e+11,19880,1134.84427577,1.52e-05,9226800,137
2017-12-03,1544647957.28,668658824.712,21761,24166079800.5,1435.36,1476739968.0,1787.5,2.25182489,45152,1.64656118232e+11,25157,1113.48327589,1.274e-05,11153881,143
2017-12-04,1602968814.21,805383403.019,21854,26270071590.5,1560.16,780633984.0,1775.0,2.2378911,44359,1.65835952921e+11,25458,743.131978848,1.391e-05,10519764,142
2017-12-05,1868025820.01,1055933939.42,20813,26609716632.1,1580.16,1032800000.0,1850.0,2.15972999,46341,1.57272427545e+11,27029,790.076286624,1.264e-05,16329846,148
2017-12-06,2313430526.13,1392319667.57,26703,25237362537.4,1498.49,1154620032.0,1950.0,3.11935041,86238,1.53886598727e+11,29154,596.6537633,1.355e-05,36294562,156
2017-12-07,1666366014.86,1088944858.49,24274,24097162388.0,1430.71,1285209984.0,950.0,2.98545942,64701,1.47168111396e+11,28609,860.39036483,1.13e-05,16293335,76
2017-12-08,12448237185.8,1343972055.62,27341,22389650356.4,1329.16,2553979904.0,2162.5,3.22386862,61820,1.17973849115e+11,30934,1351.92401824,1.547e-05,17016376,173
2017-12-09,2383812211.18,913409358.609,18108,24674346992.1,1464.63,1059609984.0,1850.0,2.63721723,42200,1.24534795151e+11,21495,951.492983584,1.13e-05,13455277,148
2017-12-10,1674314537.38,764717468.083,16352,23787280352.3,1411.84,885886016.0,1625.0,1.79230544,40410,1.30793269206e+11,20833,712.903031232,1.393e-05,9306674,130
2017-12-11,1026239726.39,614437275.452,22787,22242363000.5,1320.0,922792000.0,1825.0,2.41267119,55122,1.20720966221e+11,25676,380.7210396,1.93e-05,15098735,146
2017-12-12,1620919471.82,1037662502.48,25125,24054314813.3,1427.38,1386249984.0,1800.0,2.84742062,68563,1.21267944321e+11,29350,660.4344522,1.558e-05,15918156,144
2017-12-13,2537431759.29,1268029138.72,23160,27252830310.0,1616.99,1245190016.0,1975.0,2.40974637,52907,1.27378843912e+11,28127,1057.99977481,1.13e-05,12815171,158
2017-12-14,3785749740.64,1653615384.13,35177,26980793477.9,1600.67,2717410048.0,1887.5,3.5602122,150421,1.51604386904e+11,38758,1094.94663698,8.36e-06,75112441,151
2017-12-15,2823087886.81,1949699902.61,28591,33288102466.2,1974.66,1457229952.0,1699.99577502,3.49314199,140902,1.35927525949e+11,30437,626.144741934,1.125e-05,99850498,136
2017-12-16,1830419446.43,1196851077.21,25037,30765488309.9,1824.85,971254976.0,1550.0,3.32447723,165153,1.48137069002e+11,27787,646.197359773,1.108e-05,129183818,124
2017-12-17,1025917618.17,671720220.336,28796,30557718784.1,1812.33,1020590016.0,1862.5,3.87252355,171118,1.28308051784e+11,30771,449.891059363,1.13e-05,135237281,149
2017-12-18,2915648810.39,1345170666.9,32452,31520932167.4,1869.21,2538650112.0,2187.5,4.21425997,172241,1.42895709527e+11,36471,783.253851314,1.13e-05,130005537,175
2017-12-19,9495555312.81,2218949317.61,57288,37087421782.3,2199.06,3913339904.0,1887.5,6.67871052,244605,1.75318776382e+11,68097,2812.54023458,1.108e-05,149230878,151
2017-12-20,13940470374.7,3911785457.03,127904,47650240077.5,2825.03,11889600512.0,2037.5,32.78148611,429597,2.78279019137e+11,170891,1513.88820702,1.212e-05,158208482,163
2017-12-21,6914623273.4,3044640471.78,77136,65940139200.0,3909.0,3664329984.0,1637.5,7.75477235,328112,3.02709486051e+11,91888,789.07042728,9.71e-06,145981772,131
2017-12-22,5742812696.41,2490474432.9,54048,56077126500.3,3324.0,3877769984.0,1575.0,6.53308475,330847,2.42543620391e+11,67987,900.13600896,1.125e-05,144911695,126
2017-12-23,4013773332.37,2251102186.76,47006,46347501832.5,2746.95,2843310080.0,1987.5,4.34047209,261048,2.41401108119e+11,58025,654.597168628,1.108e-05,98531441,159
2017-12-24,2428124463.32,1712966343.56,34686,55019580378.8,3260.55,1712160000.0,1987.5,2.75322425,87923,2.43751733619e+11,44973,504.127036361,1e-05,17164135,159
2017-12-25,2030872892.79,1521047071.54,28791,49435417665.0,2929.35,1355440000.0,1562.5,3.09369754,77773,2.92585341371e+11,39282,501.905982363,1e-05,14283794,125
2017-12-26,2027339947.99,1335757299.52,31570,49751071398.0,2947.74,1544429952.0,1787.5,2.64458879,84216,2.60422162983e+11,41363,591.697757305,1.117e-05,15550513,143
2017-12-27,2722553724.67,2318930849.46,47033,52466770878.0,3108.32,1406450048.0,1775.0,5.07017577,113828,2.597090105e+11,47578,589.997710251,1.87e-05,34102162,142
2017-12-28,2890405326.01,2060609225.76,33174,48763962324.0,2888.64,3221299968.0,1837.5,3.19988789,149298,2.41297671782e+11,43423,519.510840509,1.82e-05,40204640,147
2017-12-29,2880845258.88,1825273557.07,43170,43681385900.0,2587.3,2479419904.0,1687.5,5.07105197,319432,2.3292487358e+11,55824,662.270456556,1.823e-05,152921213,135
2017-12-30,1932326300.15,1399700094.99,35630,47135251961.5,2791.55,1257760000.0,1975.0,4.99510947,330886,2.44343319723e+11,51117,658.526617085,1.824e-05,159221009,158
2017-12-31,1330023759.71,1063536013.25,28315,40139040144.4,2376.96,1300819968.0,1775.0,4.01495387,339990,2.69081652518e+11,47764,365.315101248,1.825e-05,156123764,142
2018-01-01,1642505690.19,1126118929.19,24050,42809022402.5,2534.82,922812992.0,1637.5,3.27212982,241267,2.71245073875e+11,47004,484.683439164,1.826e-05,127001476,131
2018-01-02,2406842777.47,1311469624.83,42971,41119617937.5,2434.5,1831229952.0,1987.5,4.19690237,203378,2.49515672032e+11,62240,974.415417255,1.826e-05,92753546,159
2018-01-03,7642549956.94,2393414619.64,47394,45617724357.3,2700.55,4688840192.0,1650.0,4.16219664,158203,2.71916189214e+11,70832,1135.87301542,1.827e-05,39580518,132
2018-01-04,4370978364.31,1995953466.8,51493,44073793228.3,2608.87,5377260032.0,1825.0,4.80237917,192868,2.48414953546e+11,75554,1127.44054557,1.129e-05,42941580,146
2018-01-05,5276092184.07,1693485406.61,46082,40561762688.5,2400.74,2115709952.0,1675.0,4.23417229,167701,2.35148414388e+11,70018,1086.22179915,1.13e-05,40198559,134
2018-01-06,5257348734.15,1702193134.82,40660,43658078242.8,2583.71,1669159936.0,1912.5,3.15300169,110616,2.27092540844e+11,71894,724.365395917,1.108e-05,19231286,153
2018-01-07,3326032885.64,1598144300.51,36338,47059073107.0,2784.68,1444780032.0,1837.5,8.79931547,112241,2.39726579796e+11,60443,739.116699453,1.129e-05,20152743,147
2018-01-08,3949830220.59,1490035928.91,37027,47095908610.6,2786.6,1428899968.0,1575.0,12.46138623,142308,2.38086392172e+11,61610,995.124370094,1.129e-05,34836094,126
2018-01-09,5230965009.41,1314409441.54,40223,40775487836.0,2412.36,1084749952.0,1900.0,6.60752892,160075,2.28409408147e+11,59368,991.264729241,1.129e-05,46541695,152
2018-01-10,3278412703.52,1328616049.53,42595,40402600969.0,2390.02,2578810112.0,1975.0,7.66417152,173149,2.55358931119e+11,71316,785.721680122,1.13e-05,48471625,158
2018-01-11,3385394939.66,1779222886.94,35538,48886387663.3,2891.55,1947949952.0,1912.5,5.99672875,98213,2.83517512541e+11,64351,919.496562743,1.13e-05,18502318,153
2018-01-12,8201612177.97,2510099369.02,34997,41863321867.7,2475.9,1110220032.0,1687.5,5.69679194,133389,2.87384431718e+11,64471,768.429286758,8.18e-06,83220849,135
2018-01-13,3815116460.02,2505235611.18,55684,44265154132.0,2617.66,1218569984.0,1887.5,6.06170251,103474,3.06812152015e+11,1204357,34.291346,4.004e-05,172304955,151
2018-01-14,1800705915.11,994624427.306,110551,45444503910.0,2687.1,993310016.0,1887.5,11.45334225,100033,3.24962068663e+11,3422954,3.129074208,4.837e-05,599461994,151
2018-01-15,3436172767.95,1417531243.45,105658,42987458107.0,2541.58,1412359936.0,1575.0,10.36320726,96603,3.22873560445e+11,2557968,3.7336572674,5.595e-05,593538382,126
2018-01-16,3060437125.33,1616290758.97,34235,40713119987.7,2406.86,1704029952.0,1775.0,6.12757129,90290,3.03472412136e+11,67191,1198.45848626,1.13e-05,21472746,142
2018-01-17,2084514233.99,1058451539.76,39742,29902570660.4,1767.58,1457730048.0,1787.5,5.59885731,95543,2.68317571673e+11,61959,1740.04389638,1.905e-05,19284272,143
2018-01-18,1533725024.54,1022334161.22,40297,29646897067.0,1752.27,1024060032.0,1900.0,5.18431713,100366,2.77286113887e+11,75144,1775.9591484,1.782e-05,21248073,152
2018-01-19,812261738.481,595977721.972,25075,29445438321.9,1740.17,743246976.0,1887.5,3.29693698,66400,2.74723296802e+11,47256,398.068046506,9.86e-06,15814961,151
2018-01-20,766069353.818,548305297.526,24322,30194340579.7,1784.26,1116240000.0,1587.5,3.53660992,62260,3.10431936872e+11,39755,356.74501577,7e-06,11109659,127
2018-01-21,503164309.471,360857146.464,21762,34419177701.2,2033.7,745179008.0,1800.0,2.68572294,56936,2.96828951072e+11,39553,294.876555207,1e-05,10258983,144
2018-01-22,705729405.565,465602929.712,21865,30373478575.0,1794.46,681350016.0,1837.5,3.08441133,69023,2.87426377808e+11,51668,392.725018009,9.77e-06,22260901,147
2018-01-23,792292702.657,626824439.562,23842,27476980573.0,1623.14,578984000.0,2037.5,6.0519984,61874,3.01091800205e+11,37683,323.454145152,1.108e-05,13026549,163
2018-01-24,825328286.298,626849569.969,21773,27462796731.5,1622.15,488160992.0,1587.5,2.71300943,53825,3.14213007071e+11,33529,315.703952284,6.76e-06,9979662,127
2018-01-25,728074933.762,520869935.89,24994,28124376309.5,1661.04,522193984.0,1912.5,2.98861816,58482,3.29997839962e+11,40027,154.6511292,5.97e-06,11825749,153
2018-01-26,1162118207.63,613465866.625,22111,27723479654.8,1637.19,594667008.0,1787.5,2.85848969,85064,3.28799041054e+11,35985,367.91950375,8.17e-06,17457393,143
2018-01-27,368824136.94,224015532.686,18722,27138978500.0,1602.5,441742016.0,1825.0,2.2693748,55988,3.26963049378e+11,38596,381.595104175,6.79e-06,9835464,146
2018-01-28,1280668414.82,481296868.323,19414,27716182997.0,1636.41,580544000.0,1787.5,2.11383133,60709,3.40475358774e+11,30062,286.367528062,9.65e-06,11622180,143
2018-01-29,721933331.7,509688012.233,20970,29564674856.7,1745.36,362212992.0,1837.5,2.89573483,59654,3.28892972413e+11,44988,363.371472676,1e-05,11155073,147
2018-01-30,1479355110.66,573546461.625,27968,28082864126.2,1657.69,649822976.0,1937.5,3.0362149,67316,3.76138997611e+11,42103,745.467453263,1.145e-05,13709206,155
2018-01-31,1876301120.39,929230983.268,36542,24917920528.4,1470.74,729209024.0,1475.0,3.55814592,74776,3.49128113547e+11,48467,1148.50632245,2.26e-05,16424815,118
2018-02-01,955981534.206,587130120.407,24194,25266208284.6,1491.12,678019968.0,2012.5,2.84223906,63006,3.49446219879e+11,37700,1023.81891716,1.13e-05,11562672,161
2018-02-02,1454387883.2,708490816.024,25327,21563880438.0,1272.5,896665984.0,1624.99995,3.41397169,290328,3.33776352294e+11,46906,681.462573975,1.13e-05,29413216,130
2018-02-03,549488261.865,374770419.611,17699,20239571194.0,1194.23,453100992.0,1725.0,1.87721147,49683,3.27013013963e+11,28614,555.972307597,7.28e-06,8352060,138
2018-02-04,478863931.198,368356990.197,16009,21579817720.3,1273.17,656033984.0,1887.5,2.00226516,74494,3.28606843296e+11,28883,433.575815453,6.76e-06,14065519,151
2018-02-05,537687343.033,412709143.305,20821,19661767820.9,1159.89,568116992.0,1675.0,2.33756986,50446,3.16211092831e+11,27912,342.089454606,1e-05,10097548,134
2018-02-06,327897797.835,234975800.216,21160,15104804203.2,890.97,777420032.0,1937.5,2.51286255,56803,3.14503188949e+11,37557,355.499613813,9.7e-06,11348085,155
2018-02-07,304651211.317,233563429.764,21149,16464770647.0,971.08,866222016.0,1825.0,2.34672504,54781,3.36115523057e+11,34648,471.90203595,6.76e-06,10046160,146
2018-02-08,437138524.997,264400897.892,22268,16135939014.8,951.57,2203709952.0,2050.0,3.41336554,60541,3.67756128165e+11,39652,491.489587576,1.114e-05,11046504,164
2018-02-09,897017602.27,501513199.036,22390,21603242863.0,1273.87,1133760000.0,1575.0,2.8309052,61060,4.17087709412e+11,38084,754.040111159,7.34e-06,11061813,126
2018-02-10,517485286.453,351089052.713,23849,22252235993.0,1311.99,734606016.0,1937.5,2.41950994,119975,4.20257446406e+11,30916,324.691888715,1.125e-05,35930983,155
2018-02-11,333826368.303,266216046.445,16767,21297866901.1,1255.59,651555008.0,1762.5,1.70621204,47909,4.25481028445e+11,30498,393.907084893,6.96e-06,8662750,141
2018-02-12,480548804.606,214120474.466,19744,20737669249.0,1222.43,466212992.0,1862.5,2.15766164,54511,4.33481112049e+11,32413,288.560566958,6.99e-06,11171817,149
2018-02-13,289734350.555,210331381.349,20706,21805228245.6,1285.23,442663008.0,1700.0,2.14401108,52868,3.96514328316e+11,31372,285.947545364,1.06e-05,9634380,136
2018-02-14,376461959.478,285020045.65,21342,20856449674.3,1229.18,629852032.0,1762.5,2.4699299,58778,4.26541232116e+11,38857,336.841709253,6.68e-06,10715355,141
2018-02-15,898777438.654,407914086.908,23467,23055764023.5,1358.65,502454016.0,1837.5,2.76765234,62867,4.26014701572e+11,36910,360.8460681,3.9e-06,10583676,147
2018-02-16,480956965.869,302054580.033,21584,23304567775.9,1373.16,961009984.0,1887.5,2.83892717,54917,4.19176630885e+11,29620,550.274123959,5.37e-06,11553984,151
2018-02-17,229752452.526,158220378.757,19905,26282680091.6,1548.48,641718976.0,1725.0,2.52008212,53447,4.01485356075e+11,32596,419.251393574,5.22e-06,9970319,138
2018-02-18,312886299.228,209051702.763,19746,26346878099.0,1552.1,907873024.0,1762.5,2.23481324,48913,4.09022003123e+11,27714,408.463564993,9.6e-06,9471771,141
2018-02-19,268056283.833,202769009.266,18498,25182366512.0,1483.34,578905984.0,1812.5,2.46637838,52318,4.65336857575e+11,33563,554.763167306,7.7e-06,10163702,145
2018-02-20,413224254.222,314850024.698,20715,26202467567.2,1543.27,820947008.0,1737.5,2.97570468,57697,3.89463748925e+11,32739,771.577590356,9.6e-06,10162037,139
2018-02-21,337740408.832,249066228.984,19156,23990599194.1,1412.85,575353984.0,1762.5,2.6931827,53030,3.85291863115e+11,28271,685.791978784,1e-05,10769936,141
2018-02-22,913027426.712,554294926.111,18988,22155833969.8,1304.66,475079008.0,1775.0,2.40135795,53722,3.48333554473e+11,35564,499.407696309,6.7e-06,9347254,142
2018-02-23,358896330.87,275981377.854,17589,20675444419.4,1217.36,492542016.0,1762.5,2.25431197,51597,3.6531317451e+11,29629,529.429657049,9.6e-06,8769760,141
2018-02-24,282784790.163,218792848.975,15909,21513360695.6,1266.56,413263008.0,1825.0,1.92867463,43888,3.9951624486e+11,25068,492.728152275,6.76e-06,7760879,146
2018-02-25,313497018.07,180764316.723,14810,20237953881.6,1191.35,362664992.0,1750.0,1.91500568,43474,3.68822218667e+11,25918,314.385768472,7.4e-06,7321707,140
2018-02-26,299463419.478,214882103.366,32393,20006230454.5,1177.58,460182016.0,1862.5,2.26935268,49850,3.59340254916e+11,31965,403.913131242,2.26e-06,11967803,149
2018-02-27,626819593.738,296971677.177,19160,21331256791.8,1255.45,420912000.0,1650.0,1.29397776,52777,3.56904992185e+11,30035,627.725,6.7e-06,9597729,132
2018-02-28,309589585.809,236618180.653,19562,21126452987.2,1243.26,375300992.0,1862.5,1.12765071,51260,3.51939068423e+11,29782,312.960717569,4.86e-06,9285462,149
2018-03-01,408874483.477,332500406.071,19482,20475894348.0,1204.84,482240000.0,1912.5,1.25300514,53558,3.52665964026e+11,30588,446.904325176,4.52e-06,9929853,153
2018-03-02,323652066.042,251072763.728,18261,21839620551.8,1284.95,421497984.0,1787.5,1.31817248,48942,3.58976969609e+11,27931,453.920897321,5.22e-06,9058796,143
2018-03-03,357719673.751,244714979.642,17814,21667095594.0,1274.67,371664000.0,1725.0,1.24305882,50102,3.44909726099e+11,30011,388.309108197,5.22e-06,9330637,138
2018-03-04,155988953.946,100085800.711,15001,21553540759.2,1267.86,367584000.0,1762.5,1.02411811,43950,3.36204457062e+11,27071,335.123151455,5.2e-06,8022083,141
2018-03-05,530103945.249,313754713.519,38489,21882952425.5,1287.1,350078016.0,1775.0,1.70834409,47304,3.6648562124e+11,25773,600.839684473,2e-06,12824681,142
2018-03-06,277868465.784,192199480.077,18850,21495717874.5,1264.19,401782016.0,1825.0,1.32567367,51303,3.62135139998e+11,32010,430.492206097,5.22e-06,9442704,146
2018-03-07,231275188.334,172381374.321,17901,20505776463.0,1205.84,455224992.0,1825.0,1.84017905,48361,3.59331289361e+11,29293,325.100276149,4.54e-06,8700489,146
2018-03-08,264936216.973,197803908.992,18593,18616802457.1,1094.64,446519008.0,1837.5,1.49898895,49530,3.60227662414e+11,31835,233.351775727,3.9e-06,8974021,147
2018-03-09,260933342.494,205496386.763,18891,17599029276.1,1034.69,510887008.0,1762.5,1.14652492,60504,3.90174910705e+11,27806,236.011309393,4.52e-06,12156702,141
2018-03-10,159704875.78,123429679.695,14639,18221212145.8,1071.15,370367008.0,1887.5,1.36846792,44308,3.60585088803e+11,28413,239.400589659,3.9e-06,8859447,151
2018-03-11,180059972.96,134810955.309,13530,17056069852.8,1002.55,514167008.0,1800.0,0.85447338,45011,3.91536549344e+11,26046,188.51869996,4.08e-06,8663164,144
2018-03-12,202056025.731,156259331.756,15893,19463524232.2,1143.94,425558016.0,1775.0,1.20808356,46369,3.66582601661e+11,26697,215.158755658,5.84e-06,9776028,142
2018-03-13,268548898.714,206804609.641,16918,17885296164.0,1051.07,458028000.0,1812.5,1.43420417,47706,3.73666109138e+11,27881,256.188758274,4.52e-06,8410114,145
2018-03-14,239310102.475,168069718.426,19661,18234729384.3,1071.5,406616000.0,1725.0,1.27392944,47742,3.75296567106e+11,29766,297.353304375,3.82e-06,9765978,138
2018-03-15,186939344.579,146336269.054,17474,16164826924.8,949.77,374740992.0,1800.0,1.72811614,47209,3.61970139337e+11,28708,287.500118352,3.9e-06,8916146,144
2018-03-16,231225258.627,166529776.812,18341,16061675751.1,943.6,472032992.0,1812.5,1.19225271,46167,3.68017509163e+11,29238,275.7607307,4e-06,9157570,145
2018-03-17,178528994.892,92101259.3865,16278,16592787980.4,974.7,411316000.0,1887.5,0.98908975,44857,3.85289655631e+11,27905,208.479928086,3.9e-06,8643400,151
2018-03-18,116601006.25,75945197.6878,14658,16144849387.0,948.28,435070016.0,1812.5,1.96758974,40876,3.93452362331e+11,23320,240.769723903,4.52e-06,7425203,145
2018-03-19,253987084.189,189747419.397,15976,16049884051.8,942.6,425419008.0,1850.0,2.28122108,53423,3.82716780242e+11,29515,224.913993372,5.18e-06,11401712,148
2018-03-20,393364155.209,242393561.059,19091,16997724635.9,998.17,503262016.0,1725.0,1.21683475,49118,3.94716776414e+11,28314,168.05002464,4e-06,10158196,138
2018-03-21,432190446.642,214789033.221,18557,18155143843.2,1066.03,389291008.0,1737.5,2.87886565,57365,4.13580430158e+11,35537,206.065208705,4.54e-06,10672754,139
2018-03-22,349573476.808,205919501.204,17059,17598871792.5,1033.26,344283008.0,1750.0,1.70544521,49594,3.89905942261e+11,29634,268.520911991,4.58e-06,9612148,140
2018-03-23,189749282.632,141359992.188,14926,17235777825.0,1011.83,303600000.0,1887.5,1.05906788,42760,3.81097097755e+11,25880,316.848675649,4.52e-06,7433165,151
2018-03-24,105762163.956,83262738.9958,14397,17515131515.5,1028.12,264080000.0,1762.5,0.78143666,42520,3.84284939797e+11,27477,211.964837569,4.52e-06,7616548,141
2018-03-25,116095594.827,88144280.0812,13298,16587933455.3,973.6,237008000.0,1775.0,0.70205131,40954,3.79098806704e+11,25990,177.398653192,4.52e-06,7005834,142
2018-03-26,223887106.098,195228162.015,15207,16492592957.4,967.9,347366016.0,1800.0,1.57398763,43620,3.82638611427e+11,26802,235.255780126,4.52e-06,8663029,144
2018-03-27,289395194.771,207611088.578,18438,15626883807.3,916.99,339011008.0,1937.5,1.02306664,48801,3.85453110882e+11,31011,135.629139061,3e-06,8703721,155
2018-03-28,476721909.895,245858408.68,78109,14935880162.0,876.36,337268000.0,1550.0,1.04675104,46728,3.87200324469e+11,30038,269.987814478,2e-06,20114908,124
2018-03-29,474158343.818,251878820.391,21654,14686015166.9,861.61,452656000.0,1812.5,1.15085215,51360,3.54845901983e+11,32308,187.217220733,2.99e-06,10693392,145
2018-03-30,281071702.414,173679876.76,21062,12144203152.3,712.41,416567008.0,1725.0,1.05358472,50554,3.57631802525e+11,37671,130.147774954,2.92e-06,10534196,138
2018-03-31,724365845.879,133424639.614,16902,11893296340.9,697.62,306972000.0,1850.0,0.81035573,44532,3.3541424217e+11,28450,150.421884782,3e-06,8486462,148
2018-04-01,1039816403.15,113175466.696,13651,11730782374.7,688.01,318440000.0,1912.5,0.72322394,41956,3.38769779389e+11,32698,184.901449082,3.74e-06,7986433,153
2018-04-02,315312748.633,117290931.343,16925,10989397774.0,644.46,282036000.0,1637.5,0.89417064,50350,3.43178081237e+11,28984,116.059866933,2.6e-06,8883731,131
2018-04-03,771628825.005,151092073.215,22117,11326315908.5,664.15,303771008.0,1875.0,1.09134152,93984,3.2089988714e+11,38035,344.026737891,3.79e-06,16531284,150
2018-04-04,894858344.295,190953836.523,20109,12117506279.0,710.47,282960000.0,1837.5,0.96137787,50294,3.26483917967e+11,34567,178.965837071,2.95e-06,9607761,147
2018-04-05,243910312.28,133130243.58,16564,11063959398.0,648.63,243988992.0,1637.5,0.72532756,44767,3.58967364284e+11,26937,181.16165848,3e-06,8186835,131
2018-04-06,199631785.976,128922997.509,16843,10949546361.6,641.86,225186000.0,1825.0,0.81978377,49025,3.29021067416e+11,32576,139.308524168,3e-06,8840440,146
2018-04-07,153391908.609,81878028.6341,12991,10427679182.6,611.2,231143008.0,1900.0,2.50550357,42461,3.24083031051e+11,25940,56.170966912,2.91e-06,7995491,152
2018-04-08,153299023.879,94934577.3075,11220,10935343182.3,640.89,198906000.0,1750.0,0.44711149,34651,3.36559195732e+11,22250,67.3039734138,3.74e-06,5783968,140
2018-04-09,131853681.944,105382018.136,11934,11195936844.7,656.09,254947008.0,1812.5,0.79360465,50702,3.41140549072e+11,28505,161.401354841,4.24e-06,14351562,145
2018-04-10,149430048.978,97788514.9868,11522,10883216122.6,637.7,225054000.0,1812.5,0.98872564,36428,3.29219221663e+11,23345,176.450359239,4.52e-06,6314242,145
2018-04-11,178239719.814,111984971.477,11968,11075644204.0,648.9,252158000.0,1875.0,0.79313598,37070,3.43606472357e+11,24559,183.5374716,4.6e-06,6487410,150
2018-04-12,192146588.135,161890466.629,14686,11375216646.4,666.39,417016992.0,1512.5,0.88421478,40668,3.4997120883e+11,23551,260.945769212,4.58e-06,7573697,121
2018-04-13,268687511.482,166210415.337,15111,12561095439.0,735.78,384095008.0,1912.5,0.87435559,44709,3.34056918544e+11,28948,296.266445056,4.35e-06,7510888,153
2018-04-14,91001089.3602,74833698.1795,11368,12612750534.5,738.72,267415008.0,1900.0,0.58956557,37225,3.50917694857e+11,27178,122.05944432,3.82e-06,6104981,152
2018-04-15,96628662.3186,68035530.5777,14279,12668391486.0,741.91,327336000.0,1800.0,0.684176,43406,3.76620293354e+11,31777,66.7719,2.94e-06,7244756,144
2018-04-16,294032993.08,171589678.481,17182,13339423966.6,781.12,382080000.0,1775.0,0.74230518,44005,3.64627813343e+11,30951,50.4022210496,2.72e-06,8675931,142
2018-04-17,184115668.425,124405577.367,16306,13094515336.0,766.7,331700992.0,1787.5,0.83733981,41211,3.59646755499e+11,24918,91.245534358,3.74e-06,7894148,143
2018-04-18,269902867.031,166149888.692,18182,12951610675.2,758.25,634652992.0,1925.0,0.86848972,47716,3.83109832343e+11,29943,170.210557238,3.74e-06,8885455,154
2018-04-19,521465824.177,229073854.041,19306,15215002032.0,890.66,658164992.0,1912.5,0.97918364,47559,4.21201344414e+11,28854,136.540084012,3.73e-06,9396348,153
2018-04-20,702150037.515,316961103.247,21846,16574721705.0,970.15,1006640000.0,1850.0,1.12529917,56577,4.73234273304e+11,35216,194.965719377,2.92e-06,10960995,148
2018-04-21,288366250.617,193343963.293,18421,19254276504.6,1126.86,1093510016.0,1937.5,0.90915945,46173,4.71280109221e+11,28763,225.369453296,3.13e-06,8756402,155
2018-04-22,283499081.742,185970209.383,19243,19608683293.5,1147.48,968409024.0,1825.0,0.82163989,47680,4.96401891187e+11,34648,122.998920516,2.72e-06,10309693,146
2018-04-23,1152535970.66,486507040.862,27823,20417952313.0,1194.71,1934290048.0,1812.5,1.60122914,72195,5.64400460558e+11,73595,539.242274593,3.82e-06,19264976,145
2018-04-24,1310435817.3,805853208.453,28861,24510009294.6,1434.01,2053920000.0,1637.5,1.45172973,73568,6.15590720194e+11,42441,543.092726971,3.82e-06,14493978,131
2018-04-25,634309958.462,422326011.412,26093,24387966734.1,1426.71,1830969984.0,1912.5,1.20342737,63990,5.1471607371e+11,39191,291.767530895,3.74e-06,12718992,153
2018-04-26,500327527.575,283245321.373,21587,22045524501.5,1289.54,1281929984.0,1800.0,1.11500082,61721,5.53726387299e+11,33198,99.3655433862,3.82e-06,11642234,144
2018-04-27,530634703.991,247316965.291,19505,24313670850.0,1422.06,905273024.0,1850.0,1.06301293,49205,5.67561689469e+11,31294,197.084433048,3.74e-06,9603521,148
2018-04-28,352182738.388,214102538.466,17959,22878246326.5,1337.96,808801984.0,1862.5,0.72113941,44662,5.75566062835e+11,28388,96.33312,3.74e-06,8414352,149
2018-04-29,459975649.616,328382955.848,18793,23838744963.9,1393.99,1049449984.0,1737.5,0.91679707,46066,5.91718756138e+11,30284,69.8160096842,2.84e-06,9073539,139
2018-04-30,588727252.568,417853786.338,21532,24644630807.7,1440.96,753113984.0,1837.5,0.94401788,50224,5.74220392358e+11,32031,46.6233703392,3.74e-06,10369180,147
2018-05-01,484608072.642,343625842.806,18868,23068116324.0,1348.64,774633024.0,1812.5,0.92413306,46226,5.64787152774e+11,29240,103.56697465,3.17e-06,9172827,145
2018-05-02,508656461.435,332668904.623,22533,23154433525.5,1353.54,1165139968.0,1825.0,1.02843011,55208,5.99363585876e+11,32738,157.93528378,3.15e-06,11226093,146
2018-05-03,923885211.329,745476495.21,25575,24970309798.5,1459.55,1282659968.0,1662.5,1.15262236,57337,6.23880937931e+11,33252,109.770887276,2.82e-06,11981225,133
2018-05-04,536864101.708,381758818.598,22938,25689029070.5,1501.4,960185024.0,1812.5,0.87024672,54057,5.98291889483e+11,33562,63.444089268,3.74e-06,10466261,145
2018-05-05,517607567.115,323985985.633,23115,25954416961.9,1516.74,1664400000.0,1937.5,1.07417652,55747,6.46120511765e+11,32852,198.69294,3.74e-06,10959194,155
2018-05-06,627347894.306,349711694.334,20260,30100088971.0,1758.83,1946960000.0,1725.0,1.08991072,51523,6.94995299833e+11,29683,255.579491903,3.74e-06,13704550,138
2018-05-07,835246097.286,544756977.544,19494,30237357563.0,1766.66,1407629952.0,1837.5,1.20876175,60196,6.74274464004e+11,32331,247.16981428,3.82e-06,12252445,147
2018-05-08,859130762.385,443375332.264,19668,28638399284.8,1673.07,1060739968.0,1725.0,0.98576483,52693,6.65855481974e+11,31699,160.684788172,3.74e-06,10003460,138
2018-05-09,504715041.288,317715032.235,18394,27525307415.1,1607.87,1273219968.0,1837.5,1.04895437,49259,6.65518974917e+11,29857,210.957689184,3.76e-06,9034149,147
2018-05-10,618946247.475,394273321.742,20798,28183487228.0,1646.15,1070040000.0,1750.0,1.60470528,51225,6.71586103871e+11,30910,181.973915134,3.82e-06,10219227,140
2018-05-11,658851254.345,404327292.934,19102,26154695742.4,1527.49,1513260032.0,1812.5,2.41190216,50244,6.50090785372e+11,31753,198.75852629,3.82e-06,9388691,145
2018-05-12,283445469.068,223687643.336,16556,23564116623.1,1376.05,1461449984.0,1800.0,2.11074231,43814,6.52920516868e+11,26929,177.683075473,3.82e-06,7722822,144
2018-05-13,339939798.619,199419505.765,15385,25257108450.0,1474.76,921628032.0,1775.0,1.91394087,41897,6.74252581443e+11,25368,106.012060773,3.74e-06,7347575,142
2018-05-14,739257645.529,374213553.119,19064,25509337323.5,1489.33,1158710016.0,1812.5,2.32913806,49740,6.52285871717e+11,33098,253.24413919,3.82e-06,12165777,145
2018-05-15,812669748.616,572150621.298,20332,24500428222.2,1430.28,939358016.0,1750.0,2.076592,50316,6.36606127001e+11,41883,103.453511166,3.82e-06,9871870,140
2018-05-16,407465534.837,279182358.279,20461,22988806592.4,1341.89,913177984.0,1850.0,1.97333124,49872,6.19624054099e+11,30409,71.478991386,3.74e-06,9469656,148
2018-05-17,349964689.195,260016960.529,16498,22105694070.8,1290.22,804139008.0,1612.5,1.39850233,43330,6.22074245401e+11,27102,116.334892576,3.82e-06,7617402,129
2018-05-18,526634990.665,312282309.237,15221,20599862303.0,1202.2,876974976.0,1862.5,1.6261896,43773,5.67594368995e+11,27089,158.811389408,3.89e-06,7280283,149
2018-05-19,273071810.021,181091207.76,12495,20677615239.5,1206.61,595862016.0,1812.5,1.18918032,36921,5.76527238304e+11,23307,109.697970796,3.82e-06,6122112,145
2018-05-20,350980515.405,238140981.999,14395,20278583790.3,1183.2,805598976.0,1850.0,1.40056365,38433,5.96180788756e+11,26426,75.421794312,4e-06,7149708,148
2018-05-21,343713385.269,255955825.177,15508,22214861421.0,1296.03,622772992.0,1900.0,1.54866331,44345,5.82751034932e+11,27375,102.284190995,3.82e-06,8702450,152
2018-05-22,341797834.052,278926285.692,15170,21148393825.0,1233.7,634201984.0,1575.0,1.47924085,45517,6.15936790952e+11,27927,123.33496292,3.82e-06,8455672,126
2018-05-23,820636631.991,419111250.561,16111,19582833947.0,1142.25,858105984.0,1812.5,1.61525033,44666,5.48958506177e+11,28154,270.258611655,3.82e-06,7517170,145
2018-05-24,311626067.042,194383069.378,15130,17231838646.9,1005.01,785384000.0,1862.5,1.54681536,41407,5.48879713898e+11,25923,195.827344211,3.89e-06,7142388,149
2018-05-25,271209394.844,203797239.607,15209,18395050517.0,1072.74,620339968.0,1775.0,1.41751321,42021,5.70580007678e+11,27624,105.157033429,3.82e-06,7252442,142
2018-05-26,182618975.124,127153516.666,11872,17418467640.0,1015.68,486185984.0,1837.5,1.24986646,34729,5.76005208212e+11,22335,101.568,3.82e-06,5918408,147
2018-05-27,266941821.172,152949739.666,11560,17309174025.6,1009.2,507305984.0,1762.5,1.27192377,33072,5.69269729673e+11,22366,100.54124724,3.82e-06,5870024,141
2018-05-28,439020493.513,254392466.311,14257,17095673538.1,996.65,566168000.0,1850.0,1.44688184,39549,5.3994004765e+11,24744,152.790900026,3.82e-06,6578725,148
2018-05-29,321617379.002,177279318.355,15350,15385508483.1,896.85,688334016.0,1837.5,1.77820761,42884,5.38412313977e+11,26250,133.308375921,3.82e-06,8053089,147
2018-05-30,413605557.768,326754377.709,15741,16986326846.2,990.07,591774976.0,1750.0,1.41835512,46467,5.63932549523e+11,27760,141.310463443,3.82e-06,7918110,140
2018-05-31,665935138.509,451181274.503,15869,16876665962.3,983.57,705260032.0,1750.0,1.51560049,57394,5.5853866326e+11,26484,114.537287135,3.8e-06,12227456,140
2018-06-01,325828982.57,257609903.373,14552,17085824298.0,995.66,538528000.0,1787.5,1.1821347,40255,5.54940822073e+11,27569,92.4627026884,3.79e-06,7463357,143
2018-06-02,223073403.23,155808937.857,14000,17219362667.9,1003.33,689121024.0,1912.5,1.72611546,39463,5.80063535162e+11,24716,95.1132258415,3.76e-06,7849711,153
2018-06-03,392400597.752,238267154.208,13935,18590856859.1,1083.13,842262016.0,1850.0,1.43634606,40511,6.12665030261e+11,27877,119.748394095,3.82e-06,7203988,148
2018-06-04,388034947.424,266127553.042,15324,20097492402.0,1170.78,910656000.0,1837.5,1.76769446,42844,6.13650317028e+11,27817,151.28037079,3.82e-06,9040370,147
2018-06-05,221498288.925,163722510.222,16233,19057459746.0,1110.07,727427008.0,1912.5,1.20707119,41465,6.40506925205e+11,27083,69.167906665,3.82e-06,7914355,153
2018-06-06,239336372.092,183021820.366,15798,19870777435.0,1157.33,608502976.0,1687.5,1.41522638,45642,7.06979474867e+11,29943,70.751170623,3.74e-06,8387760,135
2018-06-07,183328312.929,126407708.65,15307,19491916059.0,1135.15,561721024.0,1725.0,1.38155895,38628,7.13617244953e+11,24997,70.493995556,3.82e-06,7339088,138
2018-06-08,221477535.694,191851336.196,16067,19669024037.6,1145.34,503856000.0,1862.5,1.25777565,39319,6.99335065132e+11,27847,47.5199962524,3.82e-06,7853609,149
2018-06-09,98622017.4187,70321276.591,12834,19190374515.0,1117.35,407028000.0,1825.0,0.9951704,34271,6.76742896619e+11,22281,39.4284099105,3.82e-06,7292214,146
2018-06-10,282164101.062,223711761.622,15242,18678704354.6,1087.46,757265984.0,1612.5,1.31940363,36995,6.96559144327e+11,26841,91.0667495452,6.76e-06,7576207,129
2018-06-11,251699114.038,186801843.151,17091,16107026964.9,937.63,619150976.0,1862.5,1.54074322,39392,6.70122764316e+11,28338,66.5176193727,5.22e-06,8494488,149
2018-06-12,596077770.77,306543515.22,16269,16443991670.5,957.14,523140992.0,1875.0,1.45577333,43610,6.5666022422e+11,29623,75.2865171206,3.82e-06,8173940,150
2018-06-13,270800576.732,167780851.702,14523,15066814478.6,876.89,547672000.0,1800.0,1.39424143,38557,6.56322734258e+11,24611,112.729435764,3.82e-06,7205829,144
2018-06-14,334991801.668,199000563.97,14325,14509387915.5,844.36,522806016.0,1787.5,1.50639926,39029,6.39647345083e+11,25986,79.379381268,3.82e-06,7402743,143
2018-06-15,276187160.962,149653226.302,12739,15405563098.2,896.43,371601984.0,1712.5,1.15214958,35782,6.68422178459e+11,23864,89.6408396037,3.74e-06,6502877,137
2018-06-16,123489284.325,95812050.9412,11207,14560420743.7,847.16,311148000.0,1750.0,0.80606187,30332,6.47844651795e+11,21548,26.68554,3.32e-06,5184404,140
2018-06-17,129673155.443,101563667.696,11092,14663378726.7,853.06,290560992.0,1800.0,0.91989351,29228,6.34835051902e+11,20659,25.4542526056,3.82e-06,5277738,144
2018-06-18,198999251.965,173460768.091,13355,14609045969.2,849.81,381404000.0,1862.5,1.25133907,36969,6.2874753086e+11,25933,49.9821955113,3.82e-06,14713116,149
2018-06-19,275016463.579,220333187.949,14102,15232760073.0,885.99,397230016.0,1912.5,1.41570449,40460,6.50821670213e+11,28345,49.4422821144,3.82e-06,8296891,153
2018-06-20,237414576.05,163163988.01,14151,15573430240.8,905.71,430131008.0,1800.0,1.24904022,36897,6.39713998936e+11,25348,62.9625590685,3.82e-06,7470341,144
2018-06-21,354495514.024,303293769.956,20775,15315905183.0,890.64,361313984.0,1762.5,1.93018559,40565,6.42591122559e+11,194284,8.8019101152,1e-05,40345947,141
2018-06-22,261873687.251,204445054.644,14477,15047844523.6,874.97,589187968.0,1562.5,1.38166733,37700,6.64425608371e+11,24810,102.242204433,3.82e-06,7795537,125
2018-06-23,118101774.445,84839472.0031,14122,12990026005.6,755.24,397206016.0,1887.5,1.05481463,32304,6.10687220733e+11,22696,26.1649197324,3.82e-06,6362068,151
2018-06-24,185747936.023,119806911.933,12984,13152947192.0,764.62,642142016.0,1937.5,1.2028947,31685,6.02948297555e+11,22443,65.3014459098,3.74e-06,6038784,155
2018-06-25,206983333.603,166179944.753,13187,12879006853.9,748.63,447070016.0,1687.5,1.31257997,46274,6.24900775523e+11,22385,60.1507435688,3.85e-06,9406791,135
2018-06-26,202695180.954,165813246.61,13693,13028685354.4,757.25,357417984.0,1762.5,1.01395705,34663,6.38247489811e+11,23420,39.9067645275,3.82e-06,6562147,141
2018-06-27,207386567.861,166740094.985,14345,12015471670.7,698.28,333936992.0,2037.5,1.25941669,38687,6.19678262461e+11,23361,51.7418567028,3.74e-06,7232167,163
2018-06-28,115545187.558,85961651.5119,13010,12299147227.5,714.7,340686016.0,1500.0,0.94346187,35482,7.32937322454e+11,22338,67.890039112,3.74e-06,6528538,120
2018-06-29,189422476.282,155958871.776,13754,11410618880.1,663.0,407536000.0,1737.5,1.14681893,34393,5.82641872519e+11,22916,97.17873438,3.75e-06,6362325,139
2018-06-30,158171219.79,107881495.72,17196,12341935922.7,717.04,576081024.0,1800.0,1.28167278,37605,5.9857809507e+11,22744,22.0103243736,2.49e-06,7298054,144
2018-07-01,156240582.585,106589872.131,42258,12896762035.1,749.18,558793984.0,2025.0,0.83280977,59116,6.41673569621e+11,24111,0.0256669068,1.92e-06,11719458,162
2018-07-02,303702690.713,175879644.9,62609,12727056188.9,739.25,413921984.0,1712.5,1.24937202,82308,6.94851490395e+11,26330,0.023907345,1.92e-06,16423935,137
2018-07-03,569714148.195,181003576.32,72761,13345034621.3,775.07,478640000.0,1812.5,1.27931625,43663,6.46496821471e+11,30878,0.0,2.6e-06,19883944,145
2018-07-04,374535222.422,209480883.082,16833,13051232153.7,757.93,420710016.0,1787.5,1.07006162,37528,6.33386117481e+11,24049,27.3005552277,2.78e-06,7810638,143
2018-07-05,336276976.134,233400771.217,49648,13145143823.6,763.29,469756992.0,1875.0,1.03037734,36823,6.72741886848e+11,25576,0.0,2.6e-06,15006543,150
2018-07-06,329424863.238,223436278.758,14837,12891275644.0,748.48,375967008.0,1675.0,1.03818729,31576,7.29946322977e+11,21845,20.566246928,2.78e-06,6707096,134
2018-07-07,215752200.942,161808658.549,52584,12690697150.3,736.76,772953024.0,1837.5,0.89578519,31253,7.00622603896e+11,21114,0.0,2.6e-06,14519049,147
2018-07-08,119591063.933,82206408.3122,15447,13364387936.9,775.78,328903008.0,1900.0,0.94104904,32274,6.23130091853e+11,22171,2.9536814986,2.6e-06,6678613,152
2018-07-09,190663082.754,158932277.512,20197,12948654077.7,751.57,338876000.0,1725.0,0.96981895,32083,7.24037990049e+11,21463,0.1119764143,2.6e-06,8442379,138
2018-07-10,129870350.568,102458441.963,15124,12627498410.7,732.86,374505984.0,1750.0,0.98531703,34096,7.29242161622e+11,22911,30.277817756,3e-06,6920261,140
2018-07-11,167817674.407,92001262.5731,43587,11870771447.1,688.87,321031008.0,1775.0,1.08090916,33770,6.66474414646e+11,24197,0.0,2.6e-06,13532981,142
2018-07-12,169153668.442,118485539.334,20483,12184074791.2,706.98,336003008.0,1862.5,0.81679625,35226,6.84574789622e+11,26290,0.0689588292,2.6e-06,8717599,149
2018-07-13,147028084.572,112312384.65,15252,11835031087.9,686.65,352371008.0,1875.0,1.00636286,36164,7.2810405205e+11,21193,14.0449244955,2.6e-06,12572841,150
2018-07-14,64023163.5063,49459090.5168,14120,12004706228.7,696.42,272856000.0,1837.5,0.61323978,32286,7.42007090781e+11,22294,5.712977007,2.6e-06,5896642,147
2018-07-15,75433959.5067,53027704.6202,13733,12119236795.5,702.99,322284000.0,1650.0,0.77548487,28285,7.0093707272e+11,17608,9.7795610262,2.6e-06,5719966,132
2018-07-16,184478580.459,140199679.155,39399,12490912401.0,724.48,534068000.0,1825.0,1.15757713,39387,7.2906100653e+11,25918,0.0,2.6e-06,13324280,146
2018-07-17,193230825.112,135694186.274,51396,13848111610.2,803.12,752280000.0,1637.5,1.5184469,41751,6.64866424293e+11,30986,0.0,2.6e-06,17206624,131
2018-07-18,437141416.636,364592907.961,33677,14654018237.4,849.77,720550976.0,1825.0,1.27966482,44891,6.20750537234e+11,30495,0.0,2.6e-06,13771156,146
2018-07-19,192790389.861,148203909.329,100695,14287538890.3,828.43,684182976.0,1712.5,1.35760212,48066,6.20391455343e+11,26250,0.0,3e-06,34571420,137
2018-07-20,293750012.014,157430508.868,98845,14202209178.7,823.4,612099008.0,1912.5,1.47251772,49822,6.23380159587e+11,28261,0.0,3.14e-06,33801944,153
2018-07-21,168916478.74,104661209.892,94877,13245910881.1,767.88,513512992.0,1700.0,1.21440981,33297,6.3871626037e+11,25301,0.0,3.1e-06,27674290,136
2018-07-22,130072824.162,92762121.2415,26923,13602457756.5,788.47,529767008.0,1737.5,0.89420912,30681,5.57655620456e+11,22439,0.0,2.6e-06,10369733,139
2018-07-23,272283173.335,208937785.62,21305,13624846934.7,789.69,608630016.0,1700.0,1.114371,36167,5.31835701156e+11,20975,0.2494077927,2.6e-06,8845567,136
2018-07-24,317665163.888,189584341.532,30590,13555785647.7,785.6,905811968.0,1887.5,1.83809838,40467,5.25644129573e+11,28717,0.076627424,2.6e-06,11490772,151
2018-07-25,238086286.572,154686825.377,21890,14896314670.4,863.2,692334016.0,1812.5,1.31619178,39384,5.57349563592e+11,24126,1.140494368,2.6e-06,9105671,145
2018-07-26,149361302.081,94637217.2893,15800,14337716474.4,830.74,597276992.0,1825.0,1.25777893,44199,5.17525649905e+11,33947,36.349402533,3.74e-06,7549026,146
2018-07-27,188234459.311,147267410.2,16400,13883583159.5,804.35,589747968.0,1662.5,1.16528873,36942,5.24037715419e+11,26671,8.989785601,3.75e-06,7416602,133
2018-07-28,183639524.592,149998431.245,14207,14181053274.0,821.49,525351008.0,1900.0,0.83027812,39304,5.20414091963e+11,22050,9.0667769151,2.6e-06,7239752,152
2018-07-29,166952165.497,124063083.244,37976,14174268996.5,821.01,565436032.0,1850.0,0.92250016,34326,5.65725713609e+11,22467,0.0,2.6e-06,11847040,148
2018-07-30,171518144.062,128607355.048,16210,14306009588.7,828.55,568282000.0,1912.5,1.14800582,38024,6.01519158431e+11,25150,49.815342496,4.38e-06,7745321,153
2018-07-31,165606776.076,108059586.734,19074,14103282304.7,816.73,420759000.0,1725.0,1.45631204,41114,5.9289805635e+11,24297,33.9327384811,3.07e-06,8409709,138
2018-08-01,176377475.166,121774525.562,687613,13469582501.1,779.95,499193000.0,1737.5,3.27871062,47226,5.93303104544e+11,61078,0.0,2.89e-06,166075410,139
2018-08-02,199517550.787,171348457.761,58780,13258784764.0,767.67,387197000.0,1662.5,1.17875025,37064,5.83755431075e+11,24515,0.0,2.6e-06,17799104,133
2018-08-03,142768466.569,100405055.896,19013,12657839307.3,732.8,361851000.0,1812.5,1.15558903,34815,5.68176490357e+11,20331,12.305675904,2.84e-06,7821142,145
2018-08-04,162451152.623,98002213.483,14284,12494571232.5,723.27,327670000.0,1937.5,0.83236863,29097,5.90824207752e+11,19129,40.3612361241,4.48e-06,6201710,155
2018-08-05,80397220.5374,60430395.754,12927,12026001835.6,696.07,313362000.0,1787.5,0.85662402,28980,5.96881879683e+11,21152,13.1881389799,3.74e-06,5632486,143
2018-08-06,141358764.768,126434695.151,17215,12285515126.7,711.01,316406000.0,1937.5,0.96817882,34480,5.87617726579e+11,21136,18.6892320247,3.74e-06,7388266,155
2018-08-07,151673301.406,110529256.584,18475,11969134585.6,692.63,378007000.0,1637.5,0.58141884,45881,5.96144208745e+11,21348,13.8425360861,2.84e-06,9630741,131
2018-08-08,264011903.777,220671516.691,16542,11407145429.8,660.05,450595000.0,1762.5,0.8710883,48269,5.62251721606e+11,24754,51.65049662,3.27e-06,10028040,141
2018-08-09,192822748.865,164967034.712,17161,10206616060.9,590.52,355208000.0,1725.0,0.61704123,35835,5.89744960447e+11,21241,17.0491804644,3.04e-06,7626466,138
2018-08-10,107082138.656,81071828.0422,15028,10550457979.7,610.35,345223000.0,1887.5,0.61091472,32901,5.42960057525e+11,19947,47.408765352,3.21e-06,6397763,151
2018-08-11,94277943.3343,68105684.3669,18505,9886750827.51,571.89,341530000.0,1787.5,0.44233261,27944,5.85918445172e+11,17674,0.8049580506,2.29e-06,6906911,143
2018-08-12,68789896.3419,51960900.4563,15331,9758861232.93,564.44,324257000.0,1725.0,0.4802778,34918,5.75942073799e+11,16547,1.1610643688,2.6e-06,7059296,138
2018-08-13,198392694.344,170936272.775,14280,9873694237.67,571.02,379411000.0,1937.5,0.62422942,36906,5.72985798624e+11,19225,48.6517262688,3.28e-06,7154510,155
2018-08-14,166753348.024,121233563.621,26864,9251378501.89,534.98,420396000.0,1700.0,0.89434434,92369,5.19666376215e+11,23864,0.0088057708,2.6e-06,18954357,136
2018-08-15,167852796.202,145385074.327,20366,8876633604.58,513.25,378019000.0,1725.0,0.57297595,35384,5.59252499428e+11,22282,1.1447271375,2.46e-06,8204216,138
2018-08-16,91194576.1015,65983717.4671,19736,8870885615.91,512.87,402136000.0,1887.5,0.58477082,31797,5.20647675515e+11,20570,1.0357460937,2.6e-06,7297502,151
2018-08-17,117518909.321,86581761.4722,20550,8935794750.89,516.56,463256000.0,1862.5,0.7448296,43866,5.41802428948e+11,18694,5.2506877632,2.26e-06,9148075,149
2018-08-18,83351798.5595,68117762.1033,66701,10339941230.4,597.67,413731000.0,1800.0,0.58599016,29242,5.94365542406e+11,21230,0.0,2.6e-06,17767930,144
2018-08-19,56368650.9521,43503889.8719,128532,9601373092.51,554.93,383846000.0,1687.5,0.74798268,32521,6.04365330907e+11,22877,0.0,2.1e-06,30842136,135
2018-08-20,160724779.675,140891584.313,43166,9865069418.0,570.11,374592000.0,1712.5,0.91144711,32893,5.48618595474e+11,19389,0.0,2.6e-06,13018370,137
2018-08-21,161575612.769,143463776.035,27521,8896144105.53,514.06,304026000.0,1950.0,0.55523664,29791,5.26094439572e+11,18556,0.0,2.6e-06,8911141,156
2018-08-22,110452639.382,79876290.3983,21346,9262150940.91,535.15,319315000.0,1762.5,0.5521317,32597,5.78628223829e+11,20077,0.954054717,2.6e-06,7894428,141
2018-08-23,72171303.6238,57888852.5844,33625,8985560930.43,519.12,282362000.0,1762.5,0.51652254,32867,5.40837073255e+11,21729,0.0,2.6e-06,11074513,141
2018-08-24,109287222.705,90513396.8194,19820,9201807782.46,531.55,304350000.0,1850.0,0.54556678,35334,5.20720225111e+11,19014,0.200192361,2.6e-06,7925191,148
2018-08-25,63159238.2359,51011833.1952,28156,9262177694.13,534.99,272027000.0,1725.0,0.54423205,28002,5.4857251394e+11,17519,0.0,2.6e-06,9488565,138
2018-08-26,105750127.997,87852900.3988,20265,9289140577.96,536.49,257257000.0,1675.0,0.48589642,28916,5.35282679191e+11,19831,0.0523292346,2.6e-06,7501928,134
2018-08-27,92608668.3198,71717716.5935,22443,9056780335.49,523.02,305426000.0,1900.0,1.01616552,55074,5.24346936006e+11,21293,0.0872815776,2.6e-06,13758951,152
2018-08-28,107648416.654,79226325.9344,22908,9439744476.08,545.08,429636000.0,1787.5,0.73721242,44093,5.36428738461e+11,29246,11.928094656,2.6e-06,12244359,143
2018-08-29,119660930.639,94372024.2195,26021,9775500078.98,564.41,299414000.0,1737.5,0.73123437,54563,5.36226200149e+11,27097,3.2281599273,2.6e-06,12713669,139
2018-08-30,100441505.995,79640226.2052,60724,9597550884.85,554.07,337841000.0,1800.0,0.712077,34505,5.16148944309e+11,24792,0.0,2.6e-06,17300763,144
2018-08-31,134076115.482,98611092.6981,534090,9330796336.29,538.62,307222000.0,1837.5,1.95143711,40184,5.08569529478e+11,46562,0.0,2.6e-06,126586116,147
2018-09-01,121549023.266,92018619.2229,2103739,9424457209.78,543.96,490619000.0,2000.0,6.05853455,57287,5.40614379984e+11,188538,0.0,2.6e-06,484937952,160
2018-09-02,105069448.229,78920093.3457,1370438,10674205922.9,616.03,570200000.0,1825.0,4.18329207,72822,5.60882358787e+11,209262,0.0,2.6e-06,313760227,146
2018-09-03,108924628.184,91617630.268,448407,11235061631.0,648.33,397157000.0,1762.5,2.183725,38364,5.8606303639e+11,180949,0.0,2.1e-06,147580402,141
2018-09-04,155270494.157,125843638.732,1526043,10871920959.1,627.32,386332000.0,1662.5,3.96695973,65452,5.76499187043e+11,250343,0.0,2.1e-06,342992255,133
2018-09-05,233760494.99,152286041.761,1511603,10853923358.2,626.2,520184000.0,2062.5,4.51843876,47353,6.12552867707e+11,305780,0.0,2.1e-06,387860667,165
2018-09-06,148724317.674,119474653.201,663949,9186281429.77,529.95,441732000.0,1300.0,2.32269741,47060,6.34049922465e+11,167073,0.0,2.1e-06,171858673,104
2018-09-07,210658300.957,164225802.347,40446,8993482543.51,518.77,368854000.0,2000.0,0.78081925,32851,5.6471303042e+11,22260,0.0,2.6e-06,25916540,160
2018-09-08,103271893.976,74364394.2214,21803,8700419722.76,501.82,311599000.0,1712.5,0.62169118,30783,5.55691086625e+11,18916,29.9130184892,2.6e-06,7460510,137
2018-09-09,58782984.1087,44246583.4808,51924,8229874092.95,474.63,286768000.0,1825.0,0.59321288,31171,5.40602647523e+11,19322,0.0,2.6e-06,14351381,146
2018-09-10,122309237.377,75815485.294,57771,8397089392.4,484.22,300172000.0,1862.5,0.79080182,38617,5.2121396384e+11,24327,0.0,2.6e-06,17313130,149
2018-09-11,155313425.301,108064268.761,114119,8122850102.51,468.35,355090000.0,1749.99999,1.6237408,53822,5.24322180167e+11,36418,0.0,2.6e-06,33003183,140
2018-09-12,252714704.09,181211300.339,20374,7640665709.6,440.51,319094000.0,1775.0,0.65120601,38311,5.60582312958e+11,23966,5.28612,3.5e-06,8276854,142
2018-09-13,192624193.434,154060526.312,14728,7520537285.88,433.54,393614000.0,1800.0,0.55583058,46013,5.21099145645e+11,19968,56.8309854214,3.82e-06,7687855,144
2018-09-14,199363491.441,158349926.847,18964,8104111444.7,467.13,314701000.0,1687.5,0.5897558,36425,4.9683556982e+11,22357,9.8899969479,2.6e-06,7893252,135
2018-09-15,73464359.2488,41817692.6924,26091,7765777740.37,447.58,276833000.0,1825.0,0.5766379,44219,4.84358520036e+11,30600,0.044758,5.2e-06,9961095,146
2018-09-16,117466923.404,70029015.5323,19656,7782702498.5,448.51,277244000.0,1912.5,0.59752395,35246,4.84507247048e+11,21058,6.1315039633,2.6e-06,7827060,153
2018-09-17,196219197.508,142805757.04,14430,7815926068.56,450.38,365115000.0,1650.0,0.55781394,35882,4.86232305785e+11,20675,47.6348370344,3.82e-06,6594159,132
2018-09-18,139754715.44,98470220.5764,21791,7264426974.0,418.56,332161000.0,1800.0,0.59454952,36156,4.86249654615e+11,24471,1.8328072704,2.6e-06,8685514,144
2018-09-19,245783076.876,184706461.569,25602,7519091606.09,433.19,337321000.0,1825.0,0.75810663,41034,4.83524425786e+11,22542,0.22742475,2.6e-06,10572672,146
2018-09-20,185154655.824,145283033.036,43898,7461314319.45,429.81,369099000.0,1825.0,0.83826012,34225,5.04153654348e+11,21856,0.0,2.6e-06,13759379,146
2018-09-21,221878431.327,185504030.553,22381,7943120340.43,457.52,597228000.0,1837.5,0.7663257,43895,5.1130966558e+11,26333,9.8664462512,2.6e-06,9915608,147
2018-09-22,127650696.345,102592012.154,24974,8687620830.5,500.35,412279000.0,1800.0,0.69492375,33180,5.07623652743e+11,18672,0.0,2.6e-06,9261702,144
2018-09-23,62663173.1179,43940526.5273,16739,8469001673.96,487.71,384226000.0,1850.0,0.80272877,29476,5.20273160558e+11,17088,6.6837924324,2.6e-06,6473678,148
2018-09-24,144483875.862,105761880.109,20099,8473541966.87,487.92,385322000.0,1737.5,0.88899407,33344,5.05139844375e+11,20096,2.6522160192,2.64e-06,8195751,139
2018-09-25,186134765.022,134733594.125,19024,8026021887.04,462.11,414548000.0,1687.5,0.7784356,37168,4.96533882807e+11,21538,6.4144241403,2.6e-06,8459009,135
2018-09-26,229396782.28,116063086.885,27608,7726380462.47,444.8,856458000.0,1962.5,0.81376851,45089,5.02290306113e+11,25506,3.561820512,2.6e-06,11539200,157
2018-09-27,293350042.706,220892338.076,23359,8942668090.47,514.77,1083230000.0,1837.5,1.18824744,45741,5.78776373652e+11,26742,32.486980269,2.61e-06,10607085,147
2018-09-28,171523982.352,127102288.375,20373,9875915067.58,568.43,673844000.0,1762.5,0.66518267,38341,5.74462265909e+11,22908,12.9086758205,2.6e-06,9027260,141
2018-09-29,133528253.274,85650242.0422,105008,9365403853.63,538.99,581112000.0,1862.5,0.89350122,34258,5.63153379815e+11,23970,0.0,2.6e-06,27557921,149
2018-09-30,95651817.8086,74164095.9291,14609,9324172790.72,536.56,477471000.0,1762.5,0.61339658,34515,5.64937862939e+11,23626,28.5947525744,4.52e-06,7036321,141
2018-10-01,128367983.421,99219729.5039,288522,9239594019.46,531.64,450906000.0,1737.5,1.31038095,37040,5.72929423597e+11,32655,0.0,2.6e-06,65842347,139
2018-10-02,124401541.601,94291057.6055,25367,9232044547.88,531.15,536291000.0,1787.5,0.61795794,34416,5.66775054475e+11,19720,0.053115,2.6e-06,9574780,143
2018-10-03,115269682.681,99831618.4568,17439,9241514825.97,531.64,512420000.0,1787.5,0.70006075,34907,5.57253301616e+11,21437,7.6370086,3.74e-06,7410929,143
2018-10-04,1405539846.43,149708912.144,13627,8984258493.0,516.79,466791000.0,1875.0,0.97111769,39452,5.70533937589e+11,18752,49.8553824554,3.76e-06,10875888,150
2018-10-05,101782526.578,76371968.0571,14125,8935031649.62,513.9,384914000.0,1875.0,0.57037221,36109,5.66017338393e+11,21713,28.254222,3.35e-06,7137234,150
2018-10-06,56164570.1206,40709939.3752,15070,9040661024.77,519.92,391070000.0,1812.5,0.81669049,35540,5.63617268327e+11,19263,16.5354212976,3.24e-06,6847554,145
2018-10-07,50930469.968,40230964.5649,24237,8862507890.95,509.63,382426000.0,1725.0,0.48307049,27821,5.78524721192e+11,29298,0.253642851,2.6e-06,9837663,138
2018-10-08,92032032.3926,70395667.947,19108,9021260693.67,518.71,397869000.0,1737.5,0.56201691,30429,5.72534718157e+11,18347,1.9633536597,2.6e-06,8041706,139
2018-10-09,157432848.917,141297935.625,13674,9164714185.51,526.9,372000000.0,1762.5,0.63614522,29276,5.74822423765e+11,19147,25.525570389,3.85e-06,5923064,141
2018-10-10,194922409.645,165121123.037,13543,8987661411.12,516.66,369806000.0,1912.5,0.47786064,31652,5.6795452482e+11,19259,41.1966807564,3.81e-06,8046304,153
2018-10-11,287475229.837,148421239.257,16451,8903322554.47,511.77,487652000.0,1675.0,1.18687673,38750,5.43664188311e+11,20198,46.884170886,3.79e-06,11201250,134
2018-10-12,97285418.8771,66622947.8185,15168,7487610480.6,430.35,289722000.0,1700.0,0.59540297,32527,5.27534015599e+11,20010,24.4879951785,3.82e-06,6828402,136
2018-10-13,78718378.928,45790110.0563,15341,7711692083.63,443.18,245372000.0,1887.5,0.45983114,30256,5.27635354009e+11,20312,11.4951496584,5.41e-06,6675073,151
2018-10-14,335726573.271,115809612.657,15948,7799764734.01,448.19,242400000.0,1825.0,0.53098046,29568,5.27365182871e+11,22068,4.6906758658,4.52e-06,7395428,146
2018-10-15,392151790.33,118105906.696,21859,7634445712.85,438.65,571575000.0,1737.5,1.06417636,42695,5.12536389586e+11,26322,2.806008958,2.46e-06,9303807,139
2018-10-16,334553228.24,234942229.742,23488,7995027730.07,459.32,302192000.0,1787.5,0.73822756,36971,5.16994448712e+11,24727,2.5818101608,2.6e-06,8963239,143
2018-10-17,270697354.664,165941421.278,16609,7987708458.89,458.85,292950000.0,1812.5,0.76519379,33098,5.00686952262e+11,20810,23.7540725835,3.82e-06,7190870,145
2018-10-18,365307846.417,234260773.564,16762,7820735549.81,449.22,327540000.0,1800.0,1.13422148,42098,5.45281265999e+11,22537,25.8558633528,3.9e-06,9935073,144
2018-10-19,145995906.083,101717889.265,40161,7631609151.27,438.31,303766000.0,1812.5,0.74555447,40314,4.9091069491e+11,26472,0.0,2.6e-06,13140206,145
2018-10-20,150429180.362,124798058.189,32530,7677153490.05,440.87,266812000.0,1850.0,0.58087246,30624,4.84445985254e+11,20161,0.0,2.6e-06,10242001,148
2018-10-21,75839600.8697,64250403.5518,31552,7793960068.7,447.54,295702000.0,1625.0,0.5794161,36693,5.21715635604e+11,20463,0.0,2.6e-06,11405453,130
2018-10-22,72482375.3271,59527771.8719,26263,7788731235.97,447.19,261566000.0,1937.5,0.67379872,36068,5.13061410411e+11,25652,0.23477475,2.6e-06,10487422,155
2018-10-23,229660559.856,117108476.928,20699,7789219241.33,447.17,262509000.0,1725.0,0.63258327,34156,4.92294046629e+11,23064,1.878114,2.6e-06,8517557,138
2018-10-24,66536704.1838,55260170.0661,24112,7687096601.84,441.27,249002000.0,1812.5,2.87901791,42893,5.15566771705e+11,23579,3.4595568,3.72e-06,27665178,145
2018-10-25,294926985.287,228671195.184,25210,7703858023.45,442.18,226378000.0,1950.0,0.62469165,32781,4.92046141451e+11,22295,1.0153027634,2.6e-06,12900541,156
2018-10-26,159555446.15,137792509.127,16427,7651265303.25,439.12,259970000.0,1600.0,0.73555357,34559,5.35135948703e+11,23572,14.8382643992,3.78e-06,8490423,128
2018-10-27,117979172.669,87145186.5689,23355,7642930887.03,438.6,235687000.0,1762.5,0.5565065,34763,4.96077429569e+11,19316,0.250502004,2.6e-06,9331879,141
2018-10-28,112519404.056,82618093.4221,14168,7648868727.88,438.89,226911000.0,1737.5,0.513793,29560,4.91415731509e+11,18942,16.4213941286,3.96e-06,6265285,139
2018-10-29,245615320.746,129165732.968,17949,7672642062.02,440.21,294419000.0,1875.0,0.80785925,48552,4.714024356e+11,23139,32.2959494227,4.52e-06,10962397,150
2018-10-30,221785323.985,186024127.932,27018,7280943500.33,417.69,243462000.0,1812.5,0.65804249,35678,4.99119807633e+11,20078,4.7329832277,2.6e-06,10444834,145
2018-10-31,220988436.514,155436042.799,77158,7360755127.85,422.23,286666000.0,1812.5,0.75760016,34040,4.74794041448e+11,24104,0.0,2.6e-06,21766645,145
2018-11-01,153854666.404,121017689.605,733782,7376151412.5,423.07,228640000.0,1737.5,2.19807626,33051,4.86232537777e+11,52316,0.0,1.92e-06,156998089,139
2018-11-02,336126435.197,254970840.147,78553,7397350910.89,424.24,524499000.0,1875.0,1.01380791,38819,4.87409134224e+11,26525,0.0,2.6e-06,22882591,150
2018-11-03,279458905.212,141548390.073,31871,8052695481.23,461.77,470238000.0,1912.5,0.79075909,48158,5.23311991502e+11,31357,0.046177,3.06e-06,12558966,153
2018-11-04,351295361.663,241134286.891,37812,8346021566.65,478.54,1452890000.0,1887.5,1.29350322,56650,5.9968703987e+11,32643,128.076244613,2.29e-06,17383749,151
2018-11-05,462045247.04,333036300.288,24781,9727870794.57,557.72,907963000.0,1837.5,1.20079767,48892,6.15401851611e+11,29167,82.090081764,3.9e-06,12498234,147
2018-11-06,257183126.837,181936882.004,68800,9595442196.44,558.55,958116000.0,1862.5,1.07491359,50624,6.2443478427e+11,30112,54.5602978565,1.92e-06,20499676,149
2018-11-07,434947042.322,331037320.35,22252,10994146319.3,630.18,935156000.0,1687.5,1.15712607,49203,6.84894970288e+11,27749,105.726754316,4.09e-06,11722024,135
2018-11-08,396490175.792,283224310.586,21341,10757089973.5,616.53,824619000.0,1787.5,1.17248573,46016,6.61359316533e+11,31093,89.3742665061,5e-06,10662681,143
2018-11-09,406784217.493,282921191.875,21261,10016183447.3,574.01,860474000.0,1837.5,1.09632381,44453,6.40572043458e+11,28399,98.6746092999,4e-06,10657723,147
2018-11-10,299466337.378,184833338.087,1567326,9473971864.1,542.88,656843000.0,1825.0,4.04162289,41451,6.33969919602e+11,91430,0.0083929248,1.92e-06,308558253,146
2018-11-11,379623819.048,284527760.726,17950,9700157683.33,555.78,693990000.0,1850.0,0.94506847,46402,6.34946670894e+11,28247,111.153115502,4.83e-06,10237221,148
2018-11-12,706210426.595,497260212.545,119014,9313370216.97,533.57,951132000.0,1737.5,1.65913131,54858,6.97131922179e+11,125402,0.0272227414,5.01e-06,42469042,139
2018-11-13,784985641.519,583100027.038,52634,8982958737.75,514.58,972530000.0,1937.5,1.38338308,87182,7.06752247599e+11,35301,0.0,2.6e-06,24970059,155
2018-11-14,1191240249.83,906227507.039,29320,8932155760.0,511.63,1167480000.0,1450.0,2.06317267,79773,7.18897893385e+11,35453,120.540028,4.31e-06,20503923,116
2018-11-15,1043094990.1,680442920.699,386713,7681811590.0,439.96,979243000.0,1950.0,1.67612441,45130,5.57494238393e+11,81941,0.0024021816,1.92e-06,97147789,156
2018-11-16,99549996.1829,96037704.2649,41256,7355078640.0,421.2,502805000.0,1925.0,0.15947115,14131,8.8321702455e+11,38174,0.0,1.92e-06,11410748,154
2018-11-17,117373982.48,100911162.528,877450,6802103344.93,389.5,356307000.0,1537.5,1.9092384,9630,8.2691428651e+11,88795,0.00212667,1.92e-06,183661315,123
2018-11-18,78766199.8161,60073238.2557,658085,6770177130.3,387.63,275157000.0,1762.5,1.29691177,10585,6.29581202919e+11,23718,0.0021164598,1.92e-06,127674811,141
2018-11-19,77939186.9416,74668734.412,282507,6701137280.46,383.63,107950000.0,1950.0,0.64555845,272857,6.10207910886e+11,134669,0.013005057,1.95e-06,59717515,156
2018-11-20,168429014.585,125242035.034,329111,5875039303.7,336.31,142641000.0,1512.5,0.79169581,342882,6.98579972233e+11,27118,0.0100893,1.95e-06,65204366,121
2018-11-21,75458078.7485,60965882.5046,4704,3955039487.17,226.38,80873000.0,1762.5,0.10450978,10964,5.95634206081e+11,5917,0.90552,2.78e-06,2193624,141
2018-11-22,121459767.26,79154415.1282,4192,4127152001.71,236.21,59981900.0,1825.0,0.34312592,11121,5.40364428554e+11,8012,3.6080888532,3.73e-06,2321676,146
2018-11-23,256532072.468,188654387.243,5997,3676821327.35,210.42,103947000.0,1537.5,0.12105528,13501,4.83834456241e+11,6803,2.3586419682,3e-06,2858418,123
2018-11-24,33432398.3,29622654.2967,3818,3628937054.3,207.66,97740700.0,1387.5,0.0904888,13679,4.29662899121e+11,5814,21.7072210266,3.42e-06,2382752,111
2018-11-25,113970546.489,95065777.8601,5831,3165704781.83,181.13,164581000.0,1675.0,0.12585788,19112,2.79301455952e+11,9158,17.5905504393,2.78e-06,4369160,134
2018-11-26,107904504.046,95974425.0835,7541,3230682948.42,184.83,283429000.0,1775.0,0.20833989,48655,2.80287374521e+11,36953,12.7531757367,3.42e-06,6008117,142
2018-11-27,158989301.356,128748530.614,9174,3181538428.3,182.0,136514000.0,1762.5,0.33089061,55858,2.74049570118e+11,42423,25.82090238,3.74e-06,7071072,141
2018-11-28,65669930.9021,57301474.6087,18598,3131850243.7,179.14,127871000.0,1837.5,1.3944778,36971,2.72372385284e+11,22521,0.0019902454,3.28e-06,9690357,147
2018-11-29,68160322.8934,51042455.253,8542,3323818821.44,190.1,89166901.0,1725.0,0.42362023,25516,2.50636481114e+11,12953,14.019063273,3.42e-06,5297988,138
